Product Name,URL,Price,Rating,Review Count
,,Carbonado-Rugged Backpacks For Your Next Adventure,,
,,,,
"uppercase 26 Ltrs Ryder Professional Laptop Backpack (15.6 Inch) 3x more water resistant sustainable bags with rain proof zippers for Men, Women, Boys and Girls, 750 Days warranty",,"₹2,050",4.3 out of 5 stars,
"uppercase Apex Professional Laptop Backpack (15.6 Inch) 3x more water resistant sustainable bags with rain proof zippers for Men, Women, Boys and Girls, 750 Days warranty",,"₹1,600",4.5 out of 5 stars,
Wesley Milestone 2.0 Casual Waterproof Laptop Backpack/Office Bag/School Bag/College Bag/Business Bag/Travel Backpack (Dimensions:13x18 inches) (Compatible with 15.6 inch laptop) 30 L (Blue & black),,₹499,4.3 out of 5 stars,
Skybags Trooper 65 cms Medium Check-in Polycarbonate Hardsided 4 Wheels Spinner Luggae/Suitcase/Trolley Bag- Blue and White,,"₹2,699",4.2 out of 5 stars,
American Tourister Fizz Large Size 32 Ltrs Casual Backpack (BLACK),,₹799,4.0 out of 5 stars,
,,₹698,4.2 out of 5 stars,
,,₹698,4.2 out of 5 stars,
,,₹599,4.2 out of 5 stars,
,,₹289,4.2 out of 5 stars,
,,₹220,4.2 out of 5 stars,
,,₹169,4.2 out of 5 stars,
,,₹299,4.4 out of 5 stars,
,,₹259,4.3 out of 5 stars,
,,₹389,4.4 out of 5 stars,
,,,,
"Lenovo 15.6"" (39.62cm) Slim Everyday Backpack, Made in India, Compact, Water-resistant, Organized storage:Laptop sleeve,tablet pocket,front workstation,2-side pockets,Padded adjustable shoulder straps",,₹449,4.3 out of 5 stars,
Wesley Spartan Unisex Travel Hiking Laptop Bag fits Upto 17.3 inch with Raincover and Internal Organiser Backpack Rucksack College Bag,,₹689,4.1 out of 5 stars,
Half Moon Large 37L Laptop Bag Backpack for menं Women Boys and Girls Luggage Travel Bags with 17.3 inches Laptop Compartment & Rain Cover,,₹689,3.9 out of 5 stars,
Impulse Belux 45L Laptop Backpack/Office Bag/School Bag/College Bag/Business Bag/Travel Backpack Water Resistant Fits Up to 16 Inch Laptop with 1 Year Warranty,,₹399,5.0 out of 5 stars,
"Skybags Unisex Polyester Solid Pattern Hustle Df 55 (Orange, Small)",,"₹1,450",4.3 out of 5 stars,
"STRABO Defender Laptop Bag, Light weight & Water resistant - Color Olive 35L, Unisex Bag",,₹999,4.5 out of 5 stars,
"Arctic Hunter Backpack for Men Stylish 15.6-inch Laptop Bag Shockproof PU Coating Water-resistant Anti-theft 25L Padded Backpack for Office College and Daily Use,Black",,"₹3,324",4.9 out of 5 stars,
,,"₹1,500",4.0 out of 5 stars,
,,"₹1,500",4.0 out of 5 stars,
,,"₹1,300",4.0 out of 5 stars,
,,"₹1,200",4.1 out of 5 stars,
,,"₹1,600",4.5 out of 5 stars,
,,"₹1,100",4.0 out of 5 stars,
"JD Fresh Nylon 41 Liter Expandable Travel Bags for Women, Duffle Bags for Women Luggage, Foldable Vanity Traveling Bag, Waterproof Hand Bag for Ladies Personal Items (Sakura Pink,41 x 22 x 26 CM cm)",,₹731,3.9 out of 5 stars,
,,,,
Shalimar Premium OXO - Biodegradable Garbage Bags (Medium) Size 48 cm x 56 cm 4 Rolls 120 Bags Dustbin Bag/Trash Bag - Black Color,,₹269,4.5 out of 5 stars,
"amazon basics Vacuum Compression Storage Bags with Hand Pump - Large, 5-Pack",,₹599,4.4 out of 5 stars,
Gear Classic 20L Small Faux Leather Water Resistant Anti Theft Laptop Bag/Backpack for Men/Women (Navy-Tan),,₹709,4.4 out of 5 stars,
"Mi Step Out 12 L Mini Backpack (Small Size, Black, Water Repellant)",,₹199,4.1 out of 5 stars,
"Half Moon 35L Water Resistant 15.6 inch Laptop Bag/ Backpack, Navy Blue | Office Bag for Men and Women with Padded Laptop Compartment | Rain Cover & Reflective Strips",,₹549,3.9 out of 5 stars,
ADISA Laptop Backpack 31 Ltrs,,₹349,4.0 out of 5 stars,
TRUE HUMAN EMPEROR® Anti-Theft backpack With USB charging Port Laptop bag/Office bag/college bag/travel bag with anti -theft back pocket (LEGEND),,₹529,3.7 out of 5 stars,
Gear Classic 20L Small Faux Leather Water Resistant Anti Theft Laptop Bag/Office Backpack for Men/Women - Brown,,₹798,4.4 out of 5 stars,
Amazon Basics Laptop Bag for 15.6 Inch Laptops | College/Travel Backpack with USB Charging Port and Anti-Theft Pocket | 23 L,,"₹1,009",4.4 out of 5 stars,
"Amazon Basics - Laptop Backpack/Casual Backpack/College Bag for 15.6-inch Laptop, Water-Resistant, Lightweight, Sleek and Modern Design",,"₹1,359",3.3 out of 5 stars,
,,"₹1,500",4.0 out of 5 stars,
,,"₹1,500",4.0 out of 5 stars,
,,"₹1,300",4.0 out of 5 stars,
,,"₹1,200",4.1 out of 5 stars,
,,"₹1,650",4.5 out of 5 stars,
,,"₹2,100",4.3 out of 5 stars,
,,,,
,,,,
,,Lightweight High Quality Luggage by Safari,,
,,,,
,,,,
